startup_id,name,description,sector,technologies,capabilities,experience,previous_projects,location,budget,certifications,dpiit_recognized
1,EcoRoute AI,AI-powered route optimization for municipal waste collection fleets.,Waste Management,"AI route optimization, GPS tracking, IoT sensors","Real-time data dashboards, API integration with existing govt systems",4,Deployed with Pune Municipal Corporation,Pune,45,ISO 9001,True
2,HealthQueue Technologies,Patient flow and queue management software for government hospitals.,Healthcare,"Queue management software, Predictive analytics, IoT patient monitoring","Real-time data dashboards, 24/7 monitoring",6,Completed pilot with State Health Department,Hyderabad,60,ISO 27001,True
3,AgriVision Labs,Computer vision system for early detection of crop diseases from field images.,Agriculture,"Computer vision, ML disease detection, Drone imaging","Field agent mobile app, Custom reporting",3,Piloted with a district administration office,Indore,30,No certification,True
4,CleanCity IoT,IoT-based smart bins and sensor network for waste collection monitoring.,Waste Management,"IoT sensors, GPS tracking, Computer vision","Real-time data dashboards, Scalable cloud infrastructure",5,Deployed with Pune Municipal Corporation,Mumbai,55,ISO 9001,True
5,FinGuard AI,Fraud detection and risk scoring for government welfare disbursement systems.,Fintech,"Fraud detection ML, Risk scoring models, Real-time transaction monitoring","API integration with existing govt systems, 24/7 monitoring",7,"Worked with private sector clients only, no government experience",Bengaluru,80,ISO 27001,False
6,UrbanTraffic AI,AI-based adaptive traffic signal control and congestion prediction.,Smart City,"AI traffic prediction, Adaptive signal control, Computer vision","Real-time data dashboards, Scalable cloud infrastructure",5,Deployed with Bengaluru Traffic Police,Bengaluru,70,ISO 9001,True
7,MedAssist Systems,AI diagnostic support and patient triage system for public hospitals.,Healthcare,"AI diagnostics, Predictive analytics, Telemedicine","Multi-language support, Custom reporting",2,No prior deployment experience,Delhi,40,No certification,False
8,WaterWatch Technologies,Acoustic and IoT sensor network for detecting underground water pipe leaks.,Water Management,"IoT leak detection, Acoustic sensors, Predictive maintenance ML","Real-time data dashboards, API integration with existing govt systems",6,Piloted with Chennai Smart City Mission,Chennai,50,ISO 9001,True
9,RouteSmart Solutions,Fleet and route optimization platform adaptable to waste and logistics use cases.,Waste Management,"AI route optimization, GPS tracking","Real-time data dashboards, Field agent mobile app",3,No prior deployment experience,Jaipur,35,No certification,True
10,EcoCore Labs,EcoCore Labs provides healthcare technology solutions to help government bodies improve operational efficiency.,Healthcare,"Predictive analytics, Telemedicine","Predictive analytics, Scalable cloud infrastructure",7,Deployed with Pune Municipal Corporation,Pune,38,GDPR Compliant,True
11,GridWatch Technologies,GridWatch Technologies provides waste management technology solutions to help government bodies improve operational efficiency.,Waste Management,"IoT sensors, Computer vision, GPS tracking","Real-time data dashboards, 24/7 monitoring, Predictive analytics",7,Completed pilot with State Health Department,Chennai,54,GDPR Compliant,False
12,SmartVision Systems,SmartVision Systems provides water management technology solutions to help government bodies improve operational efficiency.,Water Management,"Satellite imagery, SCADA integration","Real-time data dashboards, Multi-language support, Field agent mobile app",9,Deployed with Pune Municipal Corporation,Patna,111,ISO 27001,True
13,EduWatch Technologies,EduWatch Technologies provides water management technology solutions to help government bodies improve operational efficiency.,Water Management,"IoT leak detection, Acoustic sensors","Predictive analytics, 24/7 monitoring, Custom reporting",2,"Worked with private sector clients only, no government experience",Chennai,131,No certification,False
14,FinSync Tech,FinSync Tech provides agriculture technology solutions to help government bodies improve operational efficiency.,Agriculture,"Computer vision, Drone imaging, Satellite imagery","API integration with existing govt systems, Field agent mobile app",7,Completed pilot with State Health Department,Patna,71,No certification,True
15,AgriShield AI,AgriShield AI provides waste management technology solutions to help government bodies improve operational efficiency.,Waste Management,"Computer vision, GPS tracking, AI route optimization","Multi-language support, Predictive analytics",8,"Worked with private sector clients only, no government experience",Patna,132,CMMI Level 3,True
16,BrightNova Solutions,BrightNova Solutions provides smart city technology solutions to help government bodies improve operational efficiency.,Smart City,"GPS tracking, Adaptive signal control, IoT sensors","Multi-language support, Predictive analytics, 24/7 monitoring",9,"Worked with private sector clients only, no government experience",Mumbai,27,ISO 27001,True
17,NextLink Systems,NextLink Systems provides agriculture technology solutions to help government bodies improve operational efficiency.,Agriculture,"IoT soil sensors, ML disease detection","Scalable cloud infrastructure, Custom reporting, Real-time data dashboards",2,No prior deployment experience,Patna,83,No certification,True
18,WaterSense Systems,WaterSense Systems provides fintech technology solutions to help government bodies improve operational efficiency.,Fintech,"Risk scoring models, Blockchain","Scalable cloud infrastructure, 24/7 monitoring",9,Deployed with Bengaluru Traffic Police,Delhi,54,ISO 9001,False
19,NextNova AI,NextNova AI provides energy technology solutions to help government bodies improve operational efficiency.,Energy,"Demand forecasting AI, Smart grid analytics, Solar output prediction","Scalable cloud infrastructure, Predictive analytics, Real-time data dashboards",4,Deployed with Bengaluru Traffic Police,Mumbai,36,CMMI Level 3,False
20,NextSense Tech,NextSense Tech provides energy technology solutions to help government bodies improve operational efficiency.,Energy,"Solar output prediction, IoT energy meters, Demand forecasting AI","Field agent mobile app, Scalable cloud infrastructure, Multi-language support",4,No prior deployment experience,Chennai,117,No certification,True
21,PrimeNova Systems,PrimeNova Systems provides education technology solutions to help government bodies improve operational efficiency.,Education,"Learning analytics, Content recommendation ML","Multi-language support, Real-time data dashboards",10,Deployed with Bengaluru Traffic Police,Delhi,71,ISO 9001,True
22,AgriVision AI,AgriVision AI provides waste management technology solutions to help government bodies improve operational efficiency.,Waste Management,"AI route optimization, IoT sensors, Computer vision","Field agent mobile app, Scalable cloud infrastructure, Predictive analytics",10,Deployed with Bengaluru Traffic Police,Indore,77,CMMI Level 3,False
23,SmartVision Technologies,SmartVision Technologies provides smart city technology solutions to help government bodies improve operational efficiency.,Smart City,"IoT sensors, Adaptive signal control, AI traffic prediction","Real-time data dashboards, Multi-language support, 24/7 monitoring",2,Deployed with Pune Municipal Corporation,Ahmedabad,101,ISO 27001,True
24,GridTrack Tech,GridTrack Tech provides smart city technology solutions to help government bodies improve operational efficiency.,Smart City,"AI traffic prediction, IoT sensors, GPS tracking","Predictive analytics, Field agent mobile app",9,Deployed with Pune Municipal Corporation,Pune,18,ISO 27001,False
25,UrbanFlow Systems,UrbanFlow Systems provides smart city technology solutions to help government bodies improve operational efficiency.,Smart City,"AI traffic prediction, Adaptive signal control, Computer vision","24/7 monitoring, Real-time data dashboards",7,Completed pilot with State Health Department,Patna,131,No certification,True
26,CivicCore Systems,CivicCore Systems provides energy technology solutions to help government bodies improve operational efficiency.,Energy,"IoT energy meters, Predictive maintenance ML","Real-time data dashboards, Scalable cloud infrastructure",9,Deployed with Pune Municipal Corporation,Nagpur,95,ISO 9001,True
27,GridShield Solutions,GridShield Solutions provides education technology solutions to help government bodies improve operational efficiency.,Education,"Adaptive learning AI, Content recommendation ML","Predictive analytics, Scalable cloud infrastructure",2,No prior deployment experience,Surat,75,ISO 27001,True
28,EduPulse AI,EduPulse AI provides smart city technology solutions to help government bodies improve operational efficiency.,Smart City,"Adaptive signal control, IoT sensors","Field agent mobile app, Multi-language support, 24/7 monitoring",6,Piloted with Chennai Smart City Mission,Chennai,116,CMMI Level 3,False
29,SafeSync Analytics,SafeSync Analytics provides fintech technology solutions to help government bodies improve operational efficiency.,Fintech,"Fraud detection ML, Credit analytics","Predictive analytics, Scalable cloud infrastructure",4,Deployed with Bengaluru Traffic Police,Chennai,48,ISO 9001,False
30,FinGuard Tech,FinGuard Tech provides smart city technology solutions to help government bodies improve operational efficiency.,Smart City,"GPS tracking, IoT sensors, Adaptive signal control","Scalable cloud infrastructure, Multi-language support",2,Piloted with Chennai Smart City Mission,Chennai,44,ISO 27001,False
31,HealthGuard Solutions,HealthGuard Solutions provides agriculture technology solutions to help government bodies improve operational efficiency.,Agriculture,"Satellite imagery, Drone imaging","Custom reporting, API integration with existing govt systems, Real-time data dashboards",2,No prior deployment experience,Ahmedabad,85,ISO 9001,True
32,CivicGuard Tech,CivicGuard Tech provides agriculture technology solutions to help government bodies improve operational efficiency.,Agriculture,"ML disease detection, IoT soil sensors, Satellite imagery","Predictive analytics, Real-time data dashboards",3,Deployed with Bengaluru Traffic Police,Pune,109,No certification,True
33,UrbanRoute Labs,UrbanRoute Labs provides public safety technology solutions to help government bodies improve operational efficiency.,Public Safety,"Computer vision surveillance, Predictive policing analytics, GPS tracking","Predictive analytics, API integration with existing govt systems",9,Piloted with a district administration office,Ahmedabad,54,GDPR Compliant,False
34,PrimeFlow AI,PrimeFlow AI provides agriculture technology solutions to help government bodies improve operational efficiency.,Agriculture,"Satellite imagery, IoT soil sensors","Scalable cloud infrastructure, Predictive analytics",2,"Worked with private sector clients only, no government experience",Surat,24,CMMI Level 3,True
35,FinGuard Analytics,FinGuard Analytics provides education technology solutions to help government bodies improve operational efficiency.,Education,"Learning analytics, Adaptive learning AI","24/7 monitoring, API integration with existing govt systems",5,Piloted with a district administration office,Mumbai,86,ISO 9001,True
36,CivicShield Solutions,CivicShield Solutions provides public safety technology solutions to help government bodies improve operational efficiency.,Public Safety,"Computer vision surveillance, GPS tracking, Predictive policing analytics","Scalable cloud infrastructure, Real-time data dashboards",2,Deployed with Bengaluru Traffic Police,Ahmedabad,103,ISO 9001,True
37,SmartFlow Solutions,SmartFlow Solutions provides energy technology solutions to help government bodies improve operational efficiency.,Energy,"Predictive maintenance ML, Smart grid analytics","Real-time data dashboards, Scalable cloud infrastructure, 24/7 monitoring",4,Completed pilot with State Health Department,Ahmedabad,32,No certification,False
38,CivicShield AI,CivicShield AI provides water management technology solutions to help government bodies improve operational efficiency.,Water Management,"SCADA integration, Satellite imagery, Predictive maintenance ML","Multi-language support, Field agent mobile app, Custom reporting",5,Deployed with Bengaluru Traffic Police,Bengaluru,64,ISO 27001,False
39,CivicCore Tech,CivicCore Tech provides public safety technology solutions to help government bodies improve operational efficiency.,Public Safety,"GPS tracking, IoT emergency sensors, Computer vision surveillance","Scalable cloud infrastructure, Predictive analytics, Field agent mobile app",10,Deployed with Bengaluru Traffic Police,Bhopal,97,CMMI Level 3,True
40,GridTrack Analytics,GridTrack Analytics provides smart city technology solutions to help government bodies improve operational efficiency.,Smart City,"Computer vision, IoT sensors","Predictive analytics, 24/7 monitoring, Custom reporting",5,Piloted with Chennai Smart City Mission,Kochi,65,CMMI Level 3,True
